67,5;0;180;139,5;0;Yes;No;1;5
64,4;27,8;170,1;133,9;0;Yes;No;1;5
64,4;-27,8;189,9;133,9;0;Yes;No;1;5
60;0;180;132;0;Yes;No;1;5
67,5;0;180;130,5;0;Yes;No;1;5
57;23,4;171,9;127,3;0;Yes;No;1;5
57;-23,4;188,1;127,3;0;Yes;No;1;5
65,5;22,9;167,6;125,9;0;Yes;No;1;5
65,5;-22,9;192,4;125,9;0;Yes;No;1;5
52,5;0;180;124,5;0;Yes;No;1;5
60;0;180;123;0;Yes;No;1;5
67,5;0;180;121,5;0;Yes;No;1;5
49,7;19,6;173,4;120,6;0;Yes;No;1;5
49,7;-19,6;186,6;120,6;0;Yes;No;1;5
56,6;46;160,4;120,2;0;Yes;No;1;5
56,6;-46;199,6;120,2;0;Yes;No;1;5
57,9;19,7;169,5;119,1;0;Yes;No;1;5
57,9;-19,7;190,5;119,1;0;Yes;No;1;5
66,1;18,9;165,6;117,7;0;Yes;No;1;5
66,1;-18,9;194,4;117,7;0;Yes;No;1;5
45;0;180;117;0;Yes;No;1;5
52,5;0;180;115,5;0;Yes;No;1;5
49,2;40,1;164,1;115,3;0;Yes;No;1;5
49,2;-40,1;195,9;115,3;0;Yes;No;1;5
60,2;39,6;155,1;114,1;0;Yes;No;1;5
60,2;-39,6;204,9;114,1;0;Yes;No;1;5
60;0;180;114;0;Yes;No;1;5
42,5;16,3;174,5;113,8;0;Yes;No;1;5
42,5;-16,3;185,5;113,8;0;Yes;No;1;5
67,5;0;180;112,5;0;Yes;No;1;5
50,5;17;171;112,1;0;Yes;No;1;5
50,5;-17;189;112,1;0;Yes;No;1;5
58,5;16,7;167,4;110,7;0;Yes;No;1;5
58,5;-16,7;192,6;110,7;0;Yes;No;1;5
42,3;34,6;167;110,2;0;Yes;No;1;5
42,3;-34,6;193;110,2;0;Yes;No;1;5
37,5;0;180;109,5;0;Yes;No;1;5
66,6;15,4;164;109,4;0;Yes;No;1;5
66,6;-15,4;196;109,4;0;Yes;No;1;5
52,3;35,1;159;108,6;0;Yes;No;1;5
52,3;-35,1;201;108,6;0;Yes;No;1;5
45;0;180;108;0;Yes;No;1;5
62,6;33,7;151;107,7;0;Yes;No;1;5
62,6;-33,7;209;107,7;0;Yes;No;1;5
35,4;13,4;175,6;106,8;0;Yes;No;1;5
35,4;-13,4;184,4;106,8;0;Yes;No;1;5
52,5;0;180;106,5;0;Yes;No;1;5
43,1;14,5;172,4;105,1;0;Yes;No;1;5
43,1;-14,5;187,6;105,1;0;Yes;No;1;5
60;0;180;105;0;Yes;No;1;5
35,7;29,5;169,4;104,9;0;Yes;No;1;5
35,7;-29,5;190,6;104,9;0;Yes;No;1;5
51;14,6;169,1;103,6;0;Yes;No;1;5
51;-14,6;190,9;103,6;0;Yes;No;1;5
67,5;0;180;103,5;0;Yes;No;1;5
44,8;30,9;162,3;102,9;0;Yes;No;1;5
44,8;-30,9;197,7;102,9;0;Yes;No;1;5
46,4;56,3;150,9;102,6;0;Yes;No;1;5
46,4;-56,3;209,1;102,6;0;Yes;No;1;5
59;13,9;165,7;102,3;0;Yes;No;1;5
59;-13,9;194,3;102,3;0;Yes;No;1;5
30;0;180;102;0;Yes;No;1;5
54,6;30,4;154,8;101,6;0;Yes;No;1;5
54,6;-30,4;205,2;101,6;0;Yes;No;1;5
66,9;12,2;162,6;101,1;0;Yes;No;1;5
66,9;-12,2;197,4;101,1;0;Yes;No;1;5
64,3;28,1;147,8;101;0;Yes;No;1;5
64,3;-28,1;212,2;101;0;Yes;No;1;5
37,5;0;180;100,5;0;Yes;No;1;5
28,2;10,6;176,5;99,9;0;Yes;No;1;5
28,2;-10,6;183,5;99,9;0;Yes;No;1;5
29,3;24,5;171,5;99,5;0;Yes;No;1;5
29,3;-24,5;188,5;99,5;0;Yes;No;1;5
38,3;50,4;156,8;99,2;0;Yes;No;1;5
38,3;-50,4;203,2;99,2;0;Yes;No;1;5
45;0;180;99;0;Yes;No;1;5
35,8;12,1;173,7;98,1;0;Yes;No;1;5
35,8;-12,1;186,3;98,1;0;Yes;No;1;5
53,3;50,2;142,3;98,1;0;Yes;No;1;5
53,3;-50,2;217,7;98,1;0;Yes;No;1;5
52,5;0;180;97,5;0;Yes;No;1;5
37,7;26,7;165,2;97,2;0;Yes;No;1;5
37,7;-26,7;194,8;97,2;0;Yes;No;1;5
43,5;12,7;170,6;96,5;0;Yes;No;1;5
43,5;-12,7;189,4;96,5;0;Yes;No;1;5
60;0;180;96;0;Yes;No;1;5
31,4;44,5;161,4;95,8;0;Yes;No;1;5
31,4;-44,5;198,6;95,8;0;Yes;No;1;5
46,8;27,1;158,1;95,5;0;Yes;No;1;5
46,8;-27,1;201,9;95,5;0;Yes;No;1;5
51,4;12,4;167,2;95;0;Yes;No;1;5
51,4;-12,4;192,8;95;0;Yes;No;1;5
56,3;25,7;151,2;94,6;0;Yes;No;1;5
56,3;-25,7;208,8;94,6;0;Yes;No;1;5
67,5;0;180;94,5;0;Yes;No;1;5
22,5;0;180;94,5;0;Yes;No;1;5
65,5;22,6;145;94,3;0;Yes;No;1;5
65,5;-22,6;215;94,3;0;Yes;No;1;5
44,4;45,6;148,6;93,9;0;Yes;No;1;5
44,4;-45,6;211,4;93,9;0;Yes;No;1;5
23,1;19,7;173,3;93,9;0;Yes;No;1;5
23,1;-19,7;186,7;93,9;0;Yes;No;1;5
59,3;11,3;164,1;93,8;0;Yes;No;1;5
59,3;-11,3;195,9;93,8;0;Yes;No;1;5
58;43,8;135,9;93,5;0;Yes;No;1;5
58;-43,8;224,1;93,5;0;Yes;No;1;5
30;0;180;93;0;Yes;No;1;5
21,1;8;177,4;92,9;0;Yes;No;1;5
21,1;-8;182,6;92,9;0;Yes;No;1;5
67,2;9,2;161,4;92,7;0;Yes;No;1;5
67,2;-9,2;198,6;92,7;0;Yes;No;1;5
25,5;38,4;165,1;92,2;0;Yes;No;1;5
25,5;-38,4;194,9;92,2;0;Yes;No;1;5
37,5;0;180;91,5;0;Yes;No;1;5
30,8;22,6;167,8;91,3;0;Yes;No;1;5
30,8;-22,6;192,2;91,3;0;Yes;No;1;5
28,5;9,8;174,9;91,1;0;Yes;No;1;5
28,5;-9,8;185,1;91,1;0;Yes;No;1;5
45;0;180;90;0;Yes;No;1;5
36,5;40,8;153,9;89,7;0;Yes;No;1;5
36,5;-40,8;206,1;89,7;0;Yes;No;1;5
36,1;10,9;172;89,4;0;Yes;No;1;5
36,1;-10,9;188;89,4;0;Yes;No;1;5
39,4;23,9;161,3;89,4;0;Yes;No;1;5
39,4;-23,9;198,7;89,4;0;Yes;No;1;5
61,3;37,1;130,8;88,8;0;Yes;No;1;5
61,3;-37,1;229,2;88,8;0;Yes;No;1;5
20,1;32,3;168,1;88,6;0;Yes;No;1;5
20,1;-32,3;191,9;88,6;0;Yes;No;1;5
52,5;0;180;88,5;0;Yes;No;1;5
49;40,4;141,9;88,5;0;Yes;No;1;5
49;-40,4;218,1;88,5;0;Yes;No;1;5
17;14,9;175;88,4;0;Yes;No;1;5
17;-14,9;185;88,4;0;Yes;No;1;5
48,5;23,4;154,4;88,1;0;Yes;No;1;5
48,5;-23,4;205,6;88,1;0;Yes;No;1;5
43,9;11;168,8;87,8;0;Yes;No;1;5
43,9;-11;191,3;87,8;0;Yes;No;1;5
66,4;17,3;142,4;87,5;0;Yes;No;1;5
66,4;-17,3;217,6;87,5;0;Yes;No;1;5
57,6;21,1;147,9;87,4;0;Yes;No;1;5
57,6;-21,1;212,1;87,4;0;Yes;No;1;5
60;0;180;87;0;Yes;No;1;5
15;0;180;87;0;Yes;No;1;5
51,8;10,3;165,5;86,5;0;Yes;No;1;5
51,8;-10,3;194,5;86,5;0;Yes;No;1;5
14;5,4;178,2;85,9;0;Yes;No;1;5
14;-5,4;181,8;85,9;0;Yes;No;1;5
67,5;0;180;85,5;0;Yes;No;1;5
22,5;0;180;85,5;0;Yes;No;1;5
24,1;18,4;170,2;85,5;0;Yes;No;1;5
24,1;-18,4;189,8;85,5;0;Yes;No;1;5
29,4;35,7;158,5;85,4;0;Yes;No;1;5
29,4;-35,7;201,5;85,4;0;Yes;No;1;5
59,6;8,7;162,6;85,3;0;Yes;No;1;5
59,6;-8,7;197,4;85,3;0;Yes;No;1;5
15,2;26,2;170,8;85,1;0;Yes;No;1;5
15,2;-26,2;189,2;85,1;0;Yes;No;1;5
67,4;6,3;160,1;84,2;0;Yes;No;1;5
67,4;-6,3;199,9;84,2;0;Yes;No;1;5
63,7;30,3;126,5;84,2;0;Yes;No;1;5
63,7;-30,3;233,5;84,2;0;Yes;No;1;5
30;0;180;84;0;Yes;No;1;5
21,3;7,5;176,1;84;0;Yes;No;1;5
21,3;-7,5;183,9;84;0;Yes;No;1;5
40,7;36,6;147,3;83,6;0;Yes;No;1;5
40,7;-36,6;212,7;83,6;0;Yes;No;1;5
52,5;34,7;136,1;83,2;0;Yes;No;1;5
52,5;-34,7;223,9;83,2;0;Yes;No;1;5
32,1;20,5;164,2;83,2;0;Yes;No;1;5
32,1;-20,5;195,8;83,2;0;Yes;No;1;5
34,8;62,2;141,9;83,2;0;Yes;No;1;5
34,8;-62,2;218,1;83,2;0;Yes;No;1;5
11,1;10,1;176,7;82,9;0;Yes;No;1;5
11,1;-10,1;183,3;82,9;0;Yes;No;1;5
37,5;0;180;82,5;0;Yes;No;1;5
28,7;9;173,4;82,2;0;Yes;No;1;5
28,7;-9;186,6;82,2;0;Yes;No;1;5
40,8;20,9;157,5;81,6;0;Yes;No;1;5
40,8;-20,9;202,5;81,6;0;Yes;No;1;5
10,8;19,9;173,3;81,6;0;Yes;No;1;5
10,8;-19,9;186,7;81,6;0;Yes;No;1;5
23;30,5;162,6;81,2;0;Yes;No;1;5
23;-30,5;197,4;81,2;0;Yes;No;1;5
25,1;56,5;150,6;81,1;0;Yes;No;1;5
25,1;-56,5;209,4;81,1;0;Yes;No;1;5
45;0;180;81;0;Yes;No;1;5
67;11,8;140;80,7;0;Yes;No;1;5
67;-11,8;220;80,7;0;Yes;No;1;5
49,8;19,5;150,8;80,6;0;Yes;No;1;5
49,8;-19,5;209,2;80,6;0;Yes;No;1;5
36,4;9,6;170,3;80,6;0;Yes;No;1;5
36,4;-9,6;189,7;80,6;0;Yes;No;1;5
58,6;16,4;144,8;80,4;0;Yes;No;1;5
58,6;-16,4;215,2;80,4;0;Yes;No;1;5
45,8;56,7;129,1;80;0;Yes;No;1;5
45,8;-56,7;230,9;80;0;Yes;No;1;5
17,6;14,2;172,6;79,7;0;Yes;No;1;5
17,6;-14,2;187,4;79,7;0;Yes;No;1;5
65,4;23,2;122,7;79,6;0;Yes;No;1;5
65,4;-23,2;237,3;79,6;0;Yes;No;1;5
52,5;0;180;79,5;0;Yes;No;1;5
7,5;0;180;79,5;0;Yes;No;1;5
44,2;9,3;166,9;79,2;0;Yes;No;1;5
44,2;-9,3;193,1;79,2;0;Yes;No;1;5
18;50,2;157,1;79,2;0;Yes;No;1;5
18;-50,2;202,9;79,2;0;Yes;No;1;5
7;2,8;179,1;78,9;0;Yes;No;1;5
7;-2,8;180,9;78,9;0;Yes;No;1;5
32,9;32,6;152,3;78,7;0;Yes;No;1;5
32,9;-32,6;207,7;78,7;0;Yes;No;1;5
6,7;13,4;175,5;78,2;0;Yes;No;1;5
6,7;-13,4;184,5;78,2;0;Yes;No;1;5
60;0;180;78;0;Yes;No;1;5
15;0;180;78;0;Yes;No;1;5
52,1;8,1;163,8;77,9;0;Yes;No;1;5
52,1;-8,1;196,2;77,9;0;Yes;No;1;5
55,2;28,7;131;77,9;0;Yes;No;1;5
55,2;-28,7;229;77,9;0;Yes;No;1;5
44,1;32,1;141,2;77,5;0;Yes;No;1;5
44,1;-32,1;218,8;77,5;0;Yes;No;1;5
5,4;5,2;178,3;77,4;0;Yes;No;1;5
5,4;-5,2;181,7;77,4;0;Yes;No;1;5
12,6;43,6;162;77,4;0;Yes;No;1;5
12,6;-43,6;198;77,4;0;Yes;No;1;5
25,1;17,1;167,1;77,1;0;Yes;No;1;5
25,1;-17,1;192,9;77,1;0;Yes;No;1;5
17,2;25;166,3;77,1;0;Yes;No;1;5
17,2;-25;193,7;77,1;0;Yes;No;1;5
53,4;50,1;119,7;77;0;Yes;No;1;5
53,4;-50,1;240,3;77;0;Yes;No;1;5
14,1;5,2;177,3;77;0;Yes;No;1;5
14,1;-5,2;182,7;77;0;Yes;No;1;5
35;52,4;138,6;76,9;0;Yes;No;1;5
35;-52,4;221,4;76,9;0;Yes;No;1;5
59,8;6;161;76,8;0;Yes;No;1;5
59,8;-6;199;76,8;0;Yes;No;1;5
67,5;0;180;76,5;0;Yes;No;1;5
22,5;0;180;76,5;0;Yes;No;1;5
67,5;3,3;158,9;75,9;0;Yes;No;1;5
67,5;-3,3;201,1;75,9;0;Yes;No;1;5
8,5;36,7;166;75,8;0;Yes;No;1;5
8,5;-36,7;194;75,8;0;Yes;No;1;5
66,6;15,8;119,2;75,2;0;Yes;No;1;5
66,6;-15,8;240,8;75,2;0;Yes;No;1;5
33,3;18,4;160,6;75,1;0;Yes;No;1;5
33,3;-18,4;199,4;75,1;0;Yes;No;1;5
21,4;7;174,9;75,1;0;Yes;No;1;5
21,4;-7;185,1;75,1;0;Yes;No;1;5
30;0;180;75;0;Yes;No;1;5
3,1;6,8;177,8;75;0;Yes;No;1;5
3,1;-6,8;182,2;75;0;Yes;No;1;5
5,3;29,6;169,4;74,5;0;Yes;No;1;5
5,3;-29,6;190,6;74,5;0;Yes;No;1;5
58,6;42,7;112,5;74,3;0;Yes;No;1;5
58,6;-42,7;247,5;74,3;0;Yes;No;1;5
67,4;6,1;137,5;74;0;Yes;No;1;5
67,4;-6,1;222,5;74;0;Yes;No;1;5
11,4;9,8;175;74;0;Yes;No;1;5
11,4;-9,8;185;74;0;Yes;No;1;5
26;47,4;146,4;74;0;Yes;No;1;5
26;-47,4;213,6;74;0;Yes;No;1;5
25,7;28,3;157;73,9;0;Yes;No;1;5
25,7;-28,3;203;73,9;0;Yes;No;1;5
42;17,8;153,7;73,8;0;Yes;No;1;5
42;-17,8;206,3;73,8;0;Yes;No;1;5
37,5;0;180;73,5;0;Yes;No;1;5
59,3;11,4;141,7;73,4;0;Yes;No;1;5
59,3;-11,4;218,3;73,4;0;Yes;No;1;5
29;8,1;171,8;73,4;0;Yes;No;1;5
29;-8,1;188,2;73,4;0;Yes;No;1;5
2,9;22,3;172,3;73,4;0;Yes;No;1;5
2,9;-22,3;187,7;73,4;0;Yes;No;1;5
50,8;15,4;147,2;73,3;0;Yes;No;1;5
50,8;-15,4;212,8;73,3;0;Yes;No;1;5
11,9;19,2;169,8;73,2;0;Yes;No;1;5
11,9;-19,2;190,2;73,2;0;Yes;No;1;5
42,7;47,1;128,5;72,9;0;Yes;No;1;5
42,7;-47,1;231,5;72,9;0;Yes;No;1;5
57,3;22,3;126,2;72,8;0;Yes;No;1;5
57,3;-22,3;233,8;72,8;0;Yes;No;1;5
1,3;14,9;175;72,6;0;Yes;No;1;5
1,3;-14,9;185;72,6;0;Yes;No;1;5
0,3;7,5;177,6;72,2;0;Yes;No;1;5
0,3;-7,5;182,4;72,2;0;Yes;No;1;5
45;0;180;72;0;Yes;No;1;5
62,2;34,8;106,7;72;0;Yes;No;1;5
62,2;-34,8;253,3;72;0;Yes;No;1;5
36;29,1;146,3;72;0;Yes;No;1;5
36;-29,1;213,7;72;0;Yes;No;1;5
0;0;180;72;0;Yes;No;1;5
36,7;8,3;168,4;71,9;0;Yes;No;1;5
36,7;-8,3;191,6;71,9;0;Yes;No;1;5
46,9;27;135,5;71,7;0;Yes;No;1;5
46,9;-27;224,5;71,7;0;Yes;No;1;5
18,7;41,7;153;71,3;0;Yes;No;1;5
18,7;-41,7;207;71,3;0;Yes;No;1;5
67,3;8,1;115,9;71,2;0;Yes;No;1;5
67,3;-8,1;244,1;71,2;0;Yes;No;1;5
18,3;13,4;170;71,1;0;Yes;No;1;5
18,3;-13,4;190;71,1;0;Yes;No;1;5
52,5;0;180;70,5;0;Yes;No;1;5
44,5;7,5;165,1;70,5;0;Yes;No;1;5
44,5;-7,5;194,9;70,5;0;Yes;No;1;5
7,5;0;180;70,5;0;Yes;No;1;5
64,7;26,5;101,9;70,1;0;Yes;No;1;5
64,7;-26,5;258,1;70,1;0;Yes;No;1;5
7;2,7;178,6;70;0;Yes;No;1;5
7;-2,7;181,4;70;0;Yes;No;1;5
7,3;13,1;173,2;69,5;0;Yes;No;1;5
7,3;-13,1;186,8;69,5;0;Yes;No;1;5
52,3;5,8;161,9;69,4;0;Yes;No;1;5
52,3;-5,8;198,1;69,4;0;Yes;No;1;5
48,6;40,9;120;69,3;0;Yes;No;1;5
48,6;-40,9;240;69,3;0;Yes;No;1;5
19,1;23,6;161,5;69,3;0;Yes;No;1;5
19,1;-23,6;198,5;69,3;0;Yes;No;1;5
-2,6;7;177,7;69,3;0;Yes;No;1;5
-2,6;-7;182,3;69,3;0;Yes;No;1;5
60;0;180;69;0;Yes;No;1;5
15;0;180;69;0;Yes;No;1;5
33,1;43,4;136,6;69;0;Yes;No;1;5
33,1;-43,4;223,4;69;0;Yes;No;1;5
12,8;35,6;158,6;68,9;0;Yes;No;1;5
12,8;-35,6;201,4;68,9;0;Yes;No;1;5
26;15,6;163,8;68,8;0;Yes;No;1;5
26;-15,6;196,2;68,8;0;Yes;No;1;5
66,3;17,8;97,7;68,7;0;Yes;No;1;5
66,3;-17,8;262,3;68,7;0;Yes;No;1;5
59,9;3,2;159,3;68,4;0;Yes;No;1;5
59,9;-3,2;200,7;68,4;0;Yes;No;1;5
5,5;5,1;177,4;68,4;0;Yes;No;1;5
5,5;-5,1;182,6;68,4;0;Yes;No;1;5
58,8;15,5;121,7;68,1;0;Yes;No;1;5
58,8;-15,5;238,3;68,1;0;Yes;No;1;5
14,2;5;176,4;68;0;Yes;No;1;5
14,2;-5;183,6;68;0;Yes;No;1;5
67,2;9;93,8;67,8;0;Yes;No;1;5
67,2;-9;266,2;67,8;0;Yes;No;1;5
67,5;0;180;67,5;0;Yes;No;1;5
67,5;0;157,5;67,5;0;Yes;No;1;5
67,5;0;135;67,5;0;Yes;No;1;5
67,5;0;112,5;67,5;0;Yes;No;1;5
67,5;0;90;67,5;0;Yes;No;1;5
67,5;0;67,5;67,5;0;Yes;No;1;5
67,5;0;45;67,5;0;Yes;No;1;5
67,5;0;22,5;67,5;0;Yes;No;1;5
67,5;0;0;67,5;0;Yes;No;1;5
67,5;0;-22,5;67,5;0;Yes;No;1;5
67,5;0;-45;67,5;0;Yes;No;1;5
67,5;0;-67,5;67,5;0;Yes;No;1;5
67,5;0;-90;67,5;0;Yes;No;1;5
67,5;0;247,5;67,5;0;Yes;No;1;5
67,5;0;225;67,5;0;Yes;No;1;5
67,5;0;202,5;67,5;0;Yes;No;1;5
22,5;0;180;67,5;0;Yes;No;1;5
34,4;15,9;156,9;67,1;0;Yes;No;1;5
34,4;-15,9;203,1;67,1;0;Yes;No;1;5
-4,5;14,3;175,2;66,9;0;Yes;No;1;5
-4,5;-14,3;184,8;66,9;0;Yes;No;1;5
8,1;29;163,6;66,8;0;Yes;No;1;5
8,1;-29;196,4;66,8;0;Yes;No;1;5
-5,1;5,5;178,2;66,8;0;Yes;No;1;5
-5,1;-5,5;181,8;66,8;0;Yes;No;1;5
28,3;25,7;151,3;66,7;0;Yes;No;1;5
28,3;-25,7;208,7;66,7;0;Yes;No;1;5
59,8;6;138,5;66,5;0;Yes;No;1;5
59,8;-6;221,5;66,5;0;Yes;No;1;5
43,1;14,4;149,8;66,2;0;Yes;No;1;5
43,1;-14,4;210,2;66,2;0;Yes;No;1;5
21,6;6,5;173,5;66,2;0;Yes;No;1;5
21,6;-6,5;186,5;66,2;0;Yes;No;1;5
51,7;10,9;143,5;66,1;0;Yes;No;1;5
51,7;-10,9;216,5;66,1;0;Yes;No;1;5
49,2;21,3;129,9;66,1;0;Yes;No;1;5
49,2;-21,3;230,1;66,1;0;Yes;No;1;5
53;33,8;112,8;66,1;0;Yes;No;1;5
53;-33,8;247,2;66,1;0;Yes;No;1;5
3,3;6,8;176,5;66,1;0;Yes;No;1;5
3,3;-6,8;183,5;66,1;0;Yes;No;1;5
30;0;180;66;0;Yes;No;1;5
38,8;24,9;140,2;65,6;0;Yes;No;1;5
38,8;-24,9;219,8;65,6;0;Yes;No;1;5
24,6;39;144;65,4;0;Yes;No;1;5
24,6;-39;216;65,4;0;Yes;No;1;5
11,8;9,4;173,1;65,2;0;Yes;No;1;5
11,8;-9,4;186,9;65,2;0;Yes;No;1;5
4,5;22,1;168,1;65,2;0;Yes;No;1;5
4,5;-22,1;191,9;65,2;0;Yes;No;1;5
-6,9;3;179;65,1;0;Yes;No;1;5
-6,9;-3;181;65,1;0;Yes;No;1;5
13,2;18,4;166;64,9;0;Yes;No;1;5
13,2;-18,4;194;64,9;0;Yes;No;1;5
-5,7;21,8;172,5;64,9;0;Yes;No;1;5
-5,7;-21,8;187,5;64,9;0;Yes;No;1;5
29,2;7,2;170,1;64,6;0;Yes;No;1;5
29,2;-7,2;189,9;64,6;0;Yes;No;1;5
37,5;0;180;64,5;0;Yes;No;1;5
39;38,4;127,5;64,5;0;Yes;No;1;5
39;-38,4;232,5;64,5;0;Yes;No;1;5
-7,5;0;180;64,5;0;Yes;No;1;5
67,2;8,5;71,1;64,3;0;Yes;No;1;5
67,2;-8,5;-71,1;64,3;0;Yes;No;1;5
2;14,9;172,2;64;0;Yes;No;1;5
2;-14,9;187,8;64;0;Yes;No;1;5
59,7;8;117,2;63,8;0;Yes;No;1;5
59,7;-8;242,8;63,8;0;Yes;No;1;5
56,2;26,1;106,4;63,5;0;Yes;No;1;5
56,2;-26,1;253,6;63,5;0;Yes;No;1;5
-5,9;29,5;169,4;63,3;0;Yes;No;1;5
-5,9;-29,5;190,6;63,3;0;Yes;No;1;5
37;6,8;166,5;63,2;0;Yes;No;1;5
37;-6,8;193,5;63,2;0;Yes;No;1;5
0,5;7,5;176,2;63,2;0;Yes;No;1;5
0,5;-7,5;183,8;63,2;0;Yes;No;1;5
45;0;180;63;0;Yes;No;1;5
0;0;180;63;0;Yes;No;1;5
21,6;65,7;134;63;0;Yes;No;1;5
21,6;-65,7;226;63;0;Yes;No;1;5
18,9;12,5;167,2;62,5;0;Yes;No;1;5
18,9;-12,5;192,8;62,5;0;Yes;No;1;5
17,2;33,8;150,9;62,2;0;Yes;No;1;5
17,2;-33,8;209,1;62,2;0;Yes;No;1;5
-5;37,2;165,7;62,2;0;Yes;No;1;5
-5;-37,2;194,3;62,2;0;Yes;No;1;5
9,5;59,5;146,5;62;0;Yes;No;1;5
9,5;-59,5;213,5;62;0;Yes;No;1;5
44,7;5,4;163;61,9;0;Yes;No;1;5
44,7;-5,4;197;61,9;0;Yes;No;1;5
66,4;17,4;75;61,8;0;Yes;No;1;5
66,4;-17,4;-75;61,8;0;Yes;No;1;5
-9,8;11,4;176,2;61,8;0;Yes;No;1;5
-9,8;-11,4;183,8;61,8;0;Yes;No;1;5
58,3;17,7;100,6;61,6;0;Yes;No;1;5
58,3;-17,7;259,4;61,6;0;Yes;No;1;5
-2,5;44,9;161,1;61,6;0;Yes;No;1;5
-2,5;-44,9;198,9;61,6;0;Yes;No;1;5
52,5;0;180;61,5;0;Yes;No;1;5
21,1;21,8;156,4;61,5;0;Yes;No;1;5
21,1;-21,8;203,6;61,5;0;Yes;No;1;5
7,5;0;180;61,5;0;Yes;No;1;5
2;52,5;155;61,5;0;Yes;No;1;5
2;-52,5;205;61,5;0;Yes;No;1;5
67,3;6,7;47,8;61,3;0;Yes;No;1;5
67,3;-6,7;-47,8;61,3;0;Yes;No;1;5
50,9;15;124,4;61;0;Yes;No;1;5
50,9;-15;235,6;61;0;Yes;No;1;5
7;2,6;178,1;61;0;Yes;No;1;5
7;-2,6;181,9;61;0;Yes;No;1;5
52,4;3,1;159,9;60,9;0;Yes;No;1;5
52,4;-3,1;200,1;60,9;0;Yes;No;1;5
7,9;12,8;170,5;60,8;0;Yes;No;1;5
7,9;-12,8;189,5;60,8;0;Yes;No;1;5
38,6;60,7;115;60,7;0;Yes;No;1;5
38,6;-60,7;245;60,7;0;Yes;No;1;5
26,9;13,8;160,2;60,5;0;Yes;No;1;5
26,9;-13,8;199,8;60,5;0;Yes;No;1;5
43,9;32,4;119,1;60,5;0;Yes;No;1;5
43,9;-32,4;240,9;60,5;0;Yes;No;1;5
59,6;9;95,2;60,4;0;Yes;No;1;5
59,6;-9;264,8;60,4;0;Yes;No;1;5
-2,4;7,1;176,4;60,4;0;Yes;No;1;5
-2,4;-7,1;183,6;60,4;0;Yes;No;1;5
60;0;180;60;0;Yes;No;1;5
60;0;157,5;60;0;Yes;No;1;5
60;0;135;60;0;Yes;No;1;5
60;0;112,5;60;0;Yes;No;1;5
60;0;90;60;0;Yes;No;1;5
60;0;67,5;60;0;Yes;No;1;5
60;0;45;60;0;Yes;No;1;5
60;0;22,5;60;0;Yes;No;1;5
60;0;0;60;0;Yes;No;1;5
60;0;-22,5;60;0;Yes;No;1;5
60;0;-45;60;0;Yes;No;1;5
60;0;-67,5;60;0;Yes;No;1;5
60;0;-90;60;0;Yes;No;1;5
60;0;247,5;60;0;Yes;No;1;5
60;0;225;60;0;Yes;No;1;5
60;0;202,5;60;0;Yes;No;1;5
15;0;180;60;0;Yes;No;1;5
30;35,3;135;60;0;Yes;No;1;5
30;-35,3;225;60;0;Yes;No;1;5
64,7;26,6;79,5;59,9;0;Yes;No;1;5
64,7;-26,6;-79,5;59,9;0;Yes;No;1;5
30,8;22,5;145,2;59,7;0;Yes;No;1;5
30,8;-22,5;214,8;59,7;0;Yes;No;1;5
41,1;20,1;134;59,5;0;Yes;No;1;5
41,1;-20,1;226;59,5;0;Yes;No;1;5
5,6;5;176,4;59,5;0;Yes;No;1;5
5,6;-5;183,6;59,5;0;Yes;No;1;5
11,2;28;157,2;59,4;0;Yes;No;1;5
11,2;-28;202,8;59,4;0;Yes;No;1;5
50;53,4;101,5;59,3;0;Yes;No;1;5
50;-53,4;258,5;59,3;0;Yes;No;1;5
67,5;3,7;24;59,2;0;Yes;No;1;5
67,5;-3,7;-24;59,2;0;Yes;No;1;5
35,4;13,1;152,7;59,2;0;Yes;No;1;5
35,4;-13,1;207,3;59,2;0;Yes;No;1;5
52,3;5,9;139,5;59,1;0;Yes;No;1;5
52,3;-5,9;220,5;59,1;0;Yes;No;1;5
14,3;4,7;175,3;59,1;0;Yes;No;1;5
14,3;-4,7;184,7;59,1;0;Yes;No;1;5
44;10,4;145,6;58,8;0;Yes;No;1;5
44;-10,4;214,4;58,8;0;Yes;No;1;5
61,8;35,9;84,9;58,8;0;Yes;No;1;5
61,8;-35,9;-84,9;58,8;0;Yes;No;1;5
57,2;45;92;58,6;0;Yes;No;1;5
57,2;-45;268;58,6;0;Yes;No;1;5
67,5;0;0;58,5;0;Yes;No;1;5
22,5;0;180;58,5;0;Yes;No;1;5
24,3;56,7;129,1;58,5;0;Yes;No;1;5
24,3;-56,7;230,9;58,5;0;Yes;No;1;5
-13,6;6,4;177,9;58,3;0;Yes;No;1;5
-13,6;-6,4;182,1;58,3;0;Yes;No;1;5
-3,8;14,5;172,4;58,2;0;Yes;No;1;5
-3,8;-14,5;187,6;58,2;0;Yes;No;1;5
-5;5,6;177,1;57,8;0;Yes;No;1;5
-5;-5,6;182,9;57,8;0;Yes;No;1;5
21,8;5,9;171,9;57,3;0;Yes;No;1;5
21,8;-5,9;188,1;57,3;0;Yes;No;1;5
47,6;25,4;111,4;57,2;0;Yes;No;1;5
47,6;-25,4;248,6;57,2;0;Yes;No;1;5
3,4;6,7;175,1;57,2;0;Yes;No;1;5
3,4;-6,7;184,9;57,2;0;Yes;No;1;5
6,3;21,6;163,3;57,1;0;Yes;No;1;5
6,3;-21,6;196,7;57,1;0;Yes;No;1;5
-13,9;17,8;174;57,1;0;Yes;No;1;5
-13,9;-17,8;186;57,1;0;Yes;No;1;5
30;0;180;57;0;Yes;No;1;5
-15;0;180;57;0;Yes;No;1;5
59,6;8,6;72,5;56,9;0;Yes;No;1;5
59,6;-8,6;-72,5;56,9;0;Yes;No;1;5
13,4;51,3;140,6;56,8;0;Yes;No;1;5
13,4;-51,3;219,4;56,8;0;Yes;No;1;5
14,5;17,4;161,7;56,7;0;Yes;No;1;5
14,5;-17,4;198,3;56,7;0;Yes;No;1;5
-4;22,2;168;56,6;0;Yes;No;1;5
-4;-22,2;192;56,6;0;Yes;No;1;5
52,1;7,9;118,6;56,4;0;Yes;No;1;5
52,1;-7,9;241,4;56,4;0;Yes;No;1;5
12,1;8,9;170,9;56,4;0;Yes;No;1;5
12,1;-8,9;189,1;56,4;0;Yes;No;1;5
-6,8;3,1;178,4;56,1;0;Yes;No;1;5
-6,8;-3,1;181,6;56,1;0;Yes;No;1;5
21,8;31,3;142,5;55,9;0;Yes;No;1;5
21,8;-31,3;217,5;55,9;0;Yes;No;1;5
29,4;6;168;55,8;0;Yes;No;1;5
29,4;-6;192;55,8;0;Yes;No;1;5
36,6;51,5;114;55,8;0;Yes;No;1;5
36,6;-51,5;246;55,8;0;Yes;No;1;5
5,5;44,7;149,7;55,8;0;Yes;No;1;5
5,5;-44,7;210,3;55,8;0;Yes;No;1;5
-2,7;29,9;163;55,7;0;Yes;No;1;5
-2,7;-29,9;197;55,7;0;Yes;No;1;5
37,5;0;180;55,5;0;Yes;No;1;5
66,8;14,2;51;55,5;0;Yes;No;1;5
66,8;-14,2;-51;55,5;0;Yes;No;1;5
-7,5;0;180;55,5;0;Yes;No;1;5
2,8;14,7;169;55,4;0;Yes;No;1;5
2,8;-14,7;191;55,4;0;Yes;No;1;5
0,3;37,5;157;55,4;0;Yes;No;1;5
0,3;-37,5;203;55,4;0;Yes;No;1;5
34,9;30,4;126;55,1;0;Yes;No;1;5
34,9;-30,4;234;55,1;0;Yes;No;1;5
58,4;17,6;78,1;54,7;0;Yes;No;1;5
58,4;-17,6;-78,1;54,7;0;Yes;No;1;5
50,3;17,5;104;54,6;0;Yes;No;1;5
50,3;-17,5;256;54,6;0;Yes;No;1;5
37,2;5,1;164,1;54,5;0;Yes;No;1;5
37,2;-5,1;195,9;54,5;0;Yes;No;1;5
0,7;7,5;174,5;54,4;0;Yes;No;1;5
0,7;-7,5;185,5;54,4;0;Yes;No;1;5
45;0;180;54;0;Yes;No;1;5
19,6;11,3;164;54;0;Yes;No;1;5
19,6;-11,3;196;54;0;Yes;No;1;5
23,2;19,6;150,6;54;0;Yes;No;1;5
23,2;-19,6;209,4;54;0;Yes;No;1;5
45,6;44,4;101,9;54;0;Yes;No;1;5
45,6;-44,4;258,1;54;0;Yes;No;1;5
0;0;180;54;0;Yes;No;1;5
59,8;6,8;49;53,9;0;Yes;No;1;5
59,8;-6,8;-49;53,9;0;Yes;No;1;5
43,1;14,5;127,4;53,9;0;Yes;No;1;5
43,1;-14,5;232,6;53,9;0;Yes;No;1;5
44,9;3;160,5;53,4;0;Yes;No;1;5
44,9;-3;199,5;53,4;0;Yes;No;1;5
55,9;26,9;84,5;53,4;0;Yes;No;1;5
55,9;-26,9;-84,5;53,4;0;Yes;No;1;5
51,8;36;92,3;53,2;0;Yes;No;1;5
51,8;-36;267,7;53,2;0;Yes;No;1;5
52;8,9;96,9;53;0;Yes;No;1;5
52;-8,9;263,1;53;0;Yes;No;1;5
33,2;18,6;138,6;53;0;Yes;No;1;5
33,2;-18,6;221,4;53;0;Yes;No;1;5
-9,4;11,8;173,9;53;0;Yes;No;1;5
-9,4;-11,8;186,1;53;0;Yes;No;1;5
24,4;48;126,1;52,9;0;Yes;No;1;5
24,4;-48;233,9;52,9;0;Yes;No;1;5
-17,2;25;171,3;52,9;0;Yes;No;1;5
-17,2;-25;188,7;52,9;0;Yes;No;1;5
52,5;0;180;52,5;0;Yes;No;1;5
52,5;0;157,5;52,5;0;Yes;No;1;5
52,5;0;135;52,5;0;Yes;No;1;5
52,5;0;112,5;52,5;0;Yes;No;1;5
52,5;0;90;52,5;0;Yes;No;1;5
52,5;0;67,5;52,5;0;Yes;No;1;5
52,5;0;45;52,5;0;Yes;No;1;5
52,5;0;22,5;52,5;0;Yes;No;1;5
52,5;0;0;52,5;0;Yes;No;1;5
52,5;0;-22,5;52,5;0;Yes;No;1;5
52,5;0;-45;52,5;0;Yes;No;1;5
52,5;0;-67,5;52,5;0;Yes;No;1;5
52,5;0;-90;52,5;0;Yes;No;1;5
52,5;0;247,5;52,5;0;Yes;No;1;5
52,5;0;225;52,5;0;Yes;No;1;5
52,5;0;202,5;52,5;0;Yes;No;1;5
7,5;0;180;52,5;0;Yes;No;1;5
27,8;11,7;156;52,3;0;Yes;No;1;5
27,8;-11,7;204;52,3;0;Yes;No;1;5
8,6;12,4;167,3;52,2;0;Yes;No;1;5
8,6;-12,4;192,7;52,2;0;Yes;No;1;5
14,5;26,6;150;52,2;0;Yes;No;1;5
14,5;-26,6;210;52,2;0;Yes;No;1;5
7;2,6;177,4;52;0;Yes;No;1;5
7;-2,6;182,6;52;0;Yes;No;1;5
59,9;3,8;24,7;51,8;0;Yes;No;1;5
59,9;-3,8;-24,7;51,8;0;Yes;No;1;5
44,7;5,7;140,8;51,7;0;Yes;No;1;5
44,7;-5,7;219,2;51,7;0;Yes;No;1;5
36,4;9,8;148;51,6;0;Yes;No;1;5
36,4;-9,8;212;51,6;0;Yes;No;1;5
-20,1;10,2;176,6;51,6;0;Yes;No;1;5
-20,1;-10,2;183,4;51,6;0;Yes;No;1;5
-2,2;7,2;174,8;51,5;0;Yes;No;1;5
-2,2;-7,2;185,2;51,5;0;Yes;No;1;5
67,3;8,1;25,9;51,1;0;Yes;No;1;5
67,3;-8,1;-25,9;51,1;0;Yes;No;1;5
60;0;0;51;0;Yes;No;1;5
15;0;180;51;0;Yes;No;1;5
39,1;24,4;117;50,9;0;Yes;No;1;5
39,1;-24,4;243;50,9;0;Yes;No;1;5
14,3;43,1;137,1;50,6;0;Yes;No;1;5
14,3;-43,1;222,9;50,6;0;Yes;No;1;5
5,7;4,9;175,1;50,5;0;Yes;No;1;5
5,7;-4,9;184,9;50,5;0;Yes;No;1;5
65,5;22,6;54,9;50,4;0;Yes;No;1;5
65,5;-22,6;-54,9;50,4;0;Yes;No;1;5
14,4;4,3;174;50,1;0;Yes;No;1;5
14,4;-4,3;186;50,1;0;Yes;No;1;5
26,2;27,8;133,4;50,1;0;Yes;No;1;5
26,2;-27,8;226,6;50,1;0;Yes;No;1;5
34,1;42,7;112,6;49,8;0;Yes;No;1;5
34,1;-42,7;247,4;49,8;0;Yes;No;1;5
52;8,7;74,2;49,6;0;Yes;No;1;5
52;-8,7;-74,2;49,6;0;Yes;No;1;5
-3;14,7;169;49,6;0;Yes;No;1;5
-3;-14,7;191;49,6;0;Yes;No;1;5
67,5;0;0;49,5;0;Yes;No;1;5
22,5;0;180;49,5;0;Yes;No;1;5
-22,5;0;180;49,5;0;Yes;No;1;5
-13,5;6,7;176,6;49,3;0;Yes;No;1;5
-13,5;-6,7;183,4;49,3;0;Yes;No;1;5
8,4;20,9;157,5;49,2;0;Yes;No;1;5
8,4;-20,9;202,5;49,2;0;Yes;No;1;5
6,5;37;146,8;49,1;0;Yes;No;1;5
6,5;-37;213,2;49,1;0;Yes;No;1;5
-19,3;32,8;167,9;49,1;0;Yes;No;1;5
-19,3;-32,8;192,1;49,1;0;Yes;No;1;5
44,5;7,8;120,4;49;0;Yes;No;1;5
44,5;-7,8;239,6;49;0;Yes;No;1;5
-4,9;5,7;175,9;48,9;0;Yes;No;1;5
-4,9;-5,7;184,1;48,9;0;Yes;No;1;5
-12,7;18,7;170,1;48,7;0;Yes;No;1;5
-12,7;-18,7;189,9;48,7;0;Yes;No;1;5
15,9;16,1;156,6;48,6;0;Yes;No;1;5
15,9;-16,1;203,4;48,6;0;Yes;No;1;5
-1,9;22,4;162,6;48,6;0;Yes;No;1;5
-1,9;-22,4;197,4;48,6;0;Yes;No;1;5
21,9;5,1;169,9;48,5;0;Yes;No;1;5
21,9;-5,1;190,1;48,5;0;Yes;No;1;5
1,1;30;155,2;48,4;0;Yes;No;1;5
1,1;-30;204,8;48,4;0;Yes;No;1;5
58,9;14,7;53,7;48,3;0;Yes;No;1;5
58,9;-14,7;-53,7;48,3;0;Yes;No;1;5
3,6;6,6;173,4;48,3;0;Yes;No;1;5
3,6;-6,6;186,6;48,3;0;Yes;No;1;5
30;0;180;48;0;Yes;No;1;5
-15;0;180;48;0;Yes;No;1;5
41,6;35,5;100,7;47,9;0;Yes;No;1;5
41,6;-35,5;259,3;47,9;0;Yes;No;1;5
42,3;17,2;108;47,7;0;Yes;No;1;5
42,3;-17,2;252;47,7;0;Yes;No;1;5
50,2;17,8;81,8;47,7;0;Yes;No;1;5
50,2;-17,8;-81,8;47,7;0;Yes;No;1;5
12,5;8,4;168,3;47,6;0;Yes;No;1;5
12,5;-8,4;191,7;47,6;0;Yes;No;1;5
29,7;4,6;165,6;47,1;0;Yes;No;1;5
29,7;-4,6;194,4;47,1;0;Yes;No;1;5
46,9;27;90,5;47,1;0;Yes;No;1;5
46,9;-27;269,5;47,1;0;Yes;No;1;5
-6,8;3,2;177,7;47,1;0;Yes;No;1;5
-6,8;-3,2;182,3;47,1;0;Yes;No;1;5
35,2;13,8;131,1;47;0;Yes;No;1;5
35,2;-13,8;228,9;47;0;Yes;No;1;5
3,8;14,5;165;46,9;0;Yes;No;1;5
3,8;-14,5;195;46,9;0;Yes;No;1;5
25,3;16,7;143,9;46,8;0;Yes;No;1;5
25,3;-16,7;216,1;46,8;0;Yes;No;1;5
37,5;0;180;46,5;0;Yes;No;1;5
-7,5;0;180;46,5;0;Yes;No;1;5
52,2;7;50,4;46,4;0;Yes;No;1;5
52,2;-7;-50,4;46,4;0;Yes;No;1;5
23,1;39,7;123,8;46,3;0;Yes;No;1;5
23,1;-39,7;236,2;46,3;0;Yes;No;1;5
63,1;32,2;60,1;46,1;0;Yes;No;1;5
63,1;-32,2;-60,1;46,1;0;Yes;No;1;5
-19,6;41,3;163,4;46;0;Yes;No;1;5
-19,6;-41,3;196,6;46;0;Yes;No;1;5
37,4;2,9;161,3;45,9;0;Yes;No;1;5
37,4;-2,9;198,7;45,9;0;Yes;No;1;5
44,3;8,9;99;45,7;0;Yes;No;1;5
44,3;-8,9;261;45,7;0;Yes;No;1;5
20,3;9,9;159,9;45,5;0;Yes;No;1;5
20,3;-9,9;200,1;45,5;0;Yes;No;1;5
18,1;24,3;141,5;45,5;0;Yes;No;1;5
18,1;-24,3;218,5;45,5;0;Yes;No;1;5
1;7,4;172,5;45,5;0;Yes;No;1;5
1;-7,4;187,5;45,5;0;Yes;No;1;5
45;0;180;45;0;Yes;No;1;5
45;0;157,5;45;0;Yes;No;1;5
45;0;135;45;0;Yes;No;1;5
45;0;112,5;45;0;Yes;No;1;5
45;0;90;45;0;Yes;No;1;5
45;0;67,5;45;0;Yes;No;1;5
45;0;45;45;0;Yes;No;1;5
45;0;22,5;45;0;Yes;No;1;5
45;0;0;45;0;Yes;No;1;5
45;0;-22,5;45;0;Yes;No;1;5
45;0;-45;45;0;Yes;No;1;5
45;0;-67,5;45;0;Yes;No;1;5
45;0;-90;45;0;Yes;No;1;5
45;0;247,5;45;0;Yes;No;1;5
45;0;225;45;0;Yes;No;1;5
45;0;202,5;45;0;Yes;No;1;5
30,5;23;123,6;45;0;Yes;No;1;5
30,5;-23;236,4;45;0;Yes;No;1;5
0;0;180;45;0;Yes;No;1;5
-26,3;14,9;175;45;0;Yes;No;1;5
-26,3;-14,9;185;45;0;Yes;No;1;5
-14,6;26,5;165,3;44,9;0;Yes;No;1;5
-14,6;-26,5;194,7;44,9;0;Yes;No;1;5
28,7;9;150,9;44,4;0;Yes;No;1;5
28,7;-9;209,1;44,4;0;Yes;No;1;5
37,1;5,5;142,3;44,3;0;Yes;No;1;5
37,1;-5,5;217,7;44,3;0;Yes;No;1;5
52,4;3,9;25,5;44,3;0;Yes;No;1;5
52,4;-3,9;-25,5;44,3;0;Yes;No;1;5
-8,7;12,2;170,9;44,3;0;Yes;No;1;5
-8,7;-12,2;189,1;44,3;0;Yes;No;1;5
-17,2;50,4;156,9;43,8;0;Yes;No;1;5
-17,2;-50,4;203,1;43,8;0;Yes;No;1;5
59,6;8,5;27,5;43,7;0;Yes;No;1;5
59,6;-8,5;-27,5;43,7;0;Yes;No;1;5
56,9;23,7;59,7;43,7;0;Yes;No;1;5
56,9;-23,7;-59,7;43,7;0;Yes;No;1;5
9,4;11,7;163,4;43,7;0;Yes;No;1;5
9,4;-11,7;196,6;43,7;0;Yes;No;1;5
52,5;0;0;43,5;0;Yes;No;1;5
7,5;0;180;43,5;0;Yes;No;1;5
13,5;35,3;134,9;43,5;0;Yes;No;1;5
13,5;-35,3;225,1;43,5;0;Yes;No;1;5
66,8;13,6;28,2;43,2;0;Yes;No;1;5
66,8;-13,6;-28,2;43,2;0;Yes;No;1;5
7,1;2,5;176,6;43;0;Yes;No;1;5
7,1;-2,5;183,4;43;0;Yes;No;1;5
31,2;34,3;110,4;43;0;Yes;No;1;5
31,2;-34,3;249,6;43;0;Yes;No;1;5
58,6;42,7;67,5;42,9;0;Yes;No;1;5
58,6;-42,7;-67,5;42,9;0;Yes;No;1;5
-19,7;11,1;174,3;42,7;0;Yes;No;1;5
-19,7;-11,1;185,7;42,7;0;Yes;No;1;5
-2;7,2;172,7;42,6;0;Yes;No;1;5
-2;-7,2;187,3;42,6;0;Yes;No;1;5
-10;59,5;146,5;42,5;0;Yes;No;1;5
-10;-59,5;213,5;42,5;0;Yes;No;1;5
5,8;67,4;128,8;42,3;0;Yes;No;1;5
5,8;-67,4;231,2;42,3;0;Yes;No;1;5
44,3;8,7;76,4;42,2;0;Yes;No;1;5
44,3;-8,7;-76,4;42,2;0;Yes;No;1;5
60;0;0;42;0;Yes;No;1;5
15;0;180;42;0;Yes;No;1;5
-14,4;35;159,1;42;0;Yes;No;1;5
-14,4;-35;200,9;42;0;Yes;No;1;5
-30;0;180;42;0;Yes;No;1;5
36,8;7,6;122,5;41,7;0;Yes;No;1;5
36,8;-7,6;237,5;41,7;0;Yes;No;1;5
5,9;4,7;173,5;41,6;0;Yes;No;1;5
5,9;-4,7;186,5;41,6;0;Yes;No;1;5
10,9;19,8;150,3;41,6;0;Yes;No;1;5
10,9;-19,8;209,7;41,6;0;Yes;No;1;5
5,9;29,5;145,6;41,6;0;Yes;No;1;5
5,9;-29,5;214,4;41,6;0;Yes;No;1;5
50,9;15,3;57,1;41,2;0;Yes;No;1;5
50,9;-15,3;-57,1;41,2;0;Yes;No;1;5
14,5;3,9;172,3;41,2;0;Yes;No;1;5
14,5;-3,9;187,7;41,2;0;Yes;No;1;5
37,6;26,8;97,8;41,2;0;Yes;No;1;5
37,6;-26,8;262,2;41,2;0;Yes;No;1;5
-1,8;14,9;164,6;41,1;0;Yes;No;1;5
-1,8;-14,9;195,4;41,1;0;Yes;No;1;5
50;53,5;79;41,1;0;Yes;No;1;5
50;-53,5;-79;41,1;0;Yes;No;1;5
34,1;16,7;112,9;41;0;Yes;No;1;5
34,1;-16,7;247,1;41;0;Yes;No;1;5
42;18;86,4;40,9;0;Yes;No;1;5
42;-18;-86,4;40,9;0;Yes;No;1;5
33,3;62,7;98,5;40,9;0;Yes;No;1;5
33,3;-62,7;261,5;40,9;0;Yes;No;1;5
17,6;14,2;150,2;40,8;0;Yes;No;1;5
17,6;-14,2;209,8;40,8;0;Yes;No;1;5
0,7;22,5;155,5;40,8;0;Yes;No;1;5
0,7;-22,5;204,5;40,8;0;Yes;No;1;5
22,5;0;180;40,5;0;Yes;No;1;5
67,5;0;0;40,5;0;Yes;No;1;5
-22,5;0;180;40,5;0;Yes;No;1;5
-13,2;7,1;174,8;40,4;0;Yes;No;1;5
-13,2;-7,1;185,2;40,4;0;Yes;No;1;5
-11;19,8;164,9;40,4;0;Yes;No;1;5
-11;-19,8;195,1;40,4;0;Yes;No;1;5
27,4;12,8;135,7;40,1;0;Yes;No;1;5
27,4;-12,8;224,3;40,1;0;Yes;No;1;5
52,9;33,9;67,9;40,1;0;Yes;No;1;5
52,9;-33,9;-67,9;40,1;0;Yes;No;1;5
-4,7;5,8;174,1;40;0;Yes;No;1;5
-4,7;-5,8;185,9;40;0;Yes;No;1;5
-11;43,9;150,6;40;0;Yes;No;1;5
-11;-43,9;209,4;40;0;Yes;No;1;5
22,1;4,1;167,4;39,7;0;Yes;No;1;5
22,1;-4,1;192,6;39,7;0;Yes;No;1;5
22;20,9;131,4;39,5;0;Yes;No;1;5
22;-20,9;228,6;39,5;0;Yes;No;1;5
3,9;6,4;171,1;39,4;0;Yes;No;1;5
3,9;-6,4;188,9;39,4;0;Yes;No;1;5
12;59,3;121,1;39,4;0;Yes;No;1;5
12;-59,3;238,9;39,4;0;Yes;No;1;5
-2,8;52,4;138,5;39,1;0;Yes;No;1;5
-2,8;-52,4;221,5;39,1;0;Yes;No;1;5
30;0;180;39;0;Yes;No;1;5
44,6;7,1;52,2;39;0;Yes;No;1;5
44,6;-7,1;-52,2;39;0;Yes;No;1;5
13;7,6;164,8;39;0;Yes;No;1;5
13;-7,6;195,2;39;0;Yes;No;1;5
-15;0;180;39;0;Yes;No;1;5
21;31,8;121,4;38,9;0;Yes;No;1;5
21;-31,8;238,6;38,9;0;Yes;No;1;5
-32;20,7;172,9;38,7;0;Yes;No;1;5
-32;-20,7;187,1;38,7;0;Yes;No;1;5
5,1;14,1;159,8;38,6;0;Yes;No;1;5
5,1;-14,1;200,2;38,6;0;Yes;No;1;5
29,9;2,8;162,3;38,5;0;Yes;No;1;5
29,9;-2,8;197,7;38,5;0;Yes;No;1;5
36,6;8,8;101,7;38,4;0;Yes;No;1;5
36,6;-8,8;258,3;38,4;0;Yes;No;1;5
-6,7;3,3;176,7;38,2;0;Yes;No;1;5
-6,7;-3,3;183,3;38,2;0;Yes;No;1;5
45,5;44,5;79,6;38,1;0;Yes;No;1;5
45,5;-44,5;-79,6;38,1;0;Yes;No;1;5
32,2;53,8;97,1;37,9;0;Yes;No;1;5
32,2;-53,8;262,9;37,9;0;Yes;No;1;5
37,5;0;180;37,5;0;Yes;No;1;5
37,5;0;157,5;37,5;0;Yes;No;1;5
37,5;0;135;37,5;0;Yes;No;1;5
37,5;0;112,5;37,5;0;Yes;No;1;5
37,5;0;90;37,5;0;Yes;No;1;5
37,5;0;67,5;37,5;0;Yes;No;1;5
37,5;0;45;37,5;0;Yes;No;1;5
37,5;0;22,5;37,5;0;Yes;No;1;5
37,5;0;0;37,5;0;Yes;No;1;5
37,5;0;-22,5;37,5;0;Yes;No;1;5
37,5;0;-45;37,5;0;Yes;No;1;5
37,5;0;-67,5;37,5;0;Yes;No;1;5
37,5;0;-90;37,5;0;Yes;No;1;5
37,5;0;247,5;37,5;0;Yes;No;1;5
37,5;0;225;37,5;0;Yes;No;1;5
37,5;0;202,5;37,5;0;Yes;No;1;5
-7,5;0;180;37,5;0;Yes;No;1;5
21,1;7,9;154,6;37,3;0;Yes;No;1;5
21,1;-7,9;205,4;37,3;0;Yes;No;1;5
-10,9;28,1;157,1;37,3;0;Yes;No;1;5
-10,9;-28,1;202,9;37,3;0;Yes;No;1;5
47,8;24,9;65,9;37,1;0;Yes;No;1;5
47,8;-24,9;-65,9;37,1;0;Yes;No;1;5
29,6;5,3;144,2;36,9;0;Yes;No;1;5
29,6;-5,3;215,8;36,9;0;Yes;No;1;5
44,9;4,1;26,6;36,8;0;Yes;No;1;5
44,9;-4,1;-26,6;36,8;0;Yes;No;1;5
1,3;7,4;169,7;36,7;0;Yes;No;1;5
1,3;-7,4;190,3;36,7;0;Yes;No;1;5
-25,3;16,7;171,2;36,4;0;Yes;No;1;5
-25,3;-16,7;188,8;36,4;0;Yes;No;1;5
51,9;9,1;29,6;36,3;0;Yes;No;1;5
51,9;-9,1;-29,6;36,3;0;Yes;No;1;5
45;0;0;36;0;Yes;No;1;5
58,9;14,8;31,3;36;0;Yes;No;1;5
58,9;-14,8;-31,3;36;0;Yes;No;1;5
0;0;180;36;0;Yes;No;1;5
65,8;20,8;31,6;35,8;0;Yes;No;1;5
65,8;-20,8;-31,6;35,8;0;Yes;No;1;5
-7,8;12,8;166,8;35,7;0;Yes;No;1;5
-7,8;-12,8;193,2;35,7;0;Yes;No;1;5
14,8;51;116,3;35,7;0;Yes;No;1;5
14,8;-51;243,7;35,7;0;Yes;No;1;5
28;26;106,9;35,6;0;Yes;No;1;5
28;-26;253,1;35,6;0;Yes;No;1;5
11,7;27,8;133,5;35,6;0;Yes;No;1;5
11,7;-27,8;226,5;35,6;0;Yes;No;1;5
-7,2;36,9;146,9;35,5;0;Yes;No;1;5
-7,2;-36,9;213,1;35,5;0;Yes;No;1;5
10,5;10,8;158;35,3;0;Yes;No;1;5
10,5;-10,8;202;35,3;0;Yes;No;1;5
36,6;8,8;79,2;34,9;0;Yes;No;1;5
36,6;-8,8;-79,2;34,9;0;Yes;No;1;5
1,1;45;133,4;34,9;0;Yes;No;1;5
1,1;-45;226,6;34,9;0;Yes;No;1;5
41,7;35,4;78,1;34,7;0;Yes;No;1;5
41,7;-35,4;-78,1;34,7;0;Yes;No;1;5
14;17,8;140,9;34,6;0;Yes;No;1;5
14;-17,8;219,1;34,6;0;Yes;No;1;5
25,8;15,8;119,4;34,5;0;Yes;No;1;5
25,8;-15,8;240,6;34,5;0;Yes;No;1;5
52,5;0;0;34,5;0;Yes;No;1;5
7,5;0;180;34,5;0;Yes;No;1;5
-37,5;0;180;34,5;0;Yes;No;1;5
29,2;7,4;125,4;34,4;0;Yes;No;1;5
29,2;-7,4;234,6;34,4;0;Yes;No;1;5
33,5;18;92,5;34,3;0;Yes;No;1;5
33,5;-18;267,5;34,3;0;Yes;No;1;5
42,7;16;61,6;34,2;0;Yes;No;1;5
42,7;-16;-61,6;34,2;0;Yes;No;1;5
30,8;44,9;94,9;34,2;0;Yes;No;1;5
30,8;-44,9;265,1;34,2;0;Yes;No;1;5
7,1;2,3;175,4;34;0;Yes;No;1;5
7,1;-2,3;184,6;34;0;Yes;No;1;5
-19;12,2;170,9;34;0;Yes;No;1;5
-19;-12,2;189,1;34;0;Yes;No;1;5
-1,6;7,3;169,8;33,8;0;Yes;No;1;5
-1,6;-7,3;190,2;33,8;0;Yes;No;1;5
19,5;11,4;141,6;33,5;0;Yes;No;1;5
19,5;-11,4;218,4;33,5;0;Yes;No;1;5
4,4;22,1;146;33,5;0;Yes;No;1;5
4,4;-22,1;214;33,5;0;Yes;No;1;5
15;0;180;33;0;Yes;No;1;5
60;0;0;33;0;Yes;No;1;5
-30;0;180;33;0;Yes;No;1;5
-0,2;15;158,4;32,9;0;Yes;No;1;5
-0,2;-15;201,6;32,9;0;Yes;No;1;5
-36,6;28,3;169,9;32,9;0;Yes;No;1;5
-36,6;-28,3;190,1;32,9;0;Yes;No;1;5
6;4,4;171,2;32,7;0;Yes;No;1;5
6;-4,4;188,8;32,7;0;Yes;No;1;5
14,6;3,3;169,8;32,4;0;Yes;No;1;5
14,6;-3,3;190,2;32,4;0;Yes;No;1;5
-8,4;20,9;157,5;32,4;0;Yes;No;1;5
-8,4;-20,9;202,5;32,4;0;Yes;No;1;5
36,9;7,4;54,7;31,7;0;Yes;No;1;5
36,9;-7,4;-54,7;31,7;0;Yes;No;1;5
-12,9;7,7;172,2;31,6;0;Yes;No;1;5
-12,9;-7,7;187,8;31,6;0;Yes;No;1;5
22,5;0;180;31,5;0;Yes;No;1;5
67,5;0;0;31,5;0;Yes;No;1;5
-22,5;0;180;31,5;0;Yes;No;1;5
15,7;42,7;112,5;31,4;0;Yes;No;1;5
15,7;-42,7;247,5;31,4;0;Yes;No;1;5
28,8;8,7;105,3;31,2;0;Yes;No;1;5
28,8;-8,7;254,7;31,2;0;Yes;No;1;5
-4,5;6;171,6;31,1;0;Yes;No;1;5
-4,5;-6;188,4;31,1;0;Yes;No;1;5
22,4;2,5;163,7;31;0;Yes;No;1;5
22,4;-2,5;196,3;31;0;Yes;No;1;5
38;26,1;74,4;31;0;Yes;No;1;5
38;-26,1;-74,4;31;0;Yes;No;1;5
18,4;24,1;118,4;30,9;0;Yes;No;1;5
18,4;-24,1;241,6;30,9;0;Yes;No;1;5
4,3;6,2;167,7;30,6;0;Yes;No;1;5
4,3;-6,2;192,3;30,6;0;Yes;No;1;5
6,9;13,3;152,3;30,6;0;Yes;No;1;5
6,9;-13,3;207,7;30,6;0;Yes;No;1;5
-29,6;24,1;166,8;30,5;0;Yes;No;1;5
-29,6;-24,1;193,2;30,5;0;Yes;No;1;5
13,6;6,4;159,8;30,4;0;Yes;No;1;5
13,6;-6,4;200,2;30,4;0;Yes;No;1;5
-5,2;29,6;145,4;30,4;0;Yes;No;1;5
-5,2;-29,6;214,6;30,4;0;Yes;No;1;5
3;37,4;130,1;30,1;0;Yes;No;1;5
3;-37,4;229,9;30,1;0;Yes;No;1;5
30;0;180;30;0;Yes;No;1;5
30;0;157,5;30;0;Yes;No;1;5
30;0;135;30;0;Yes;No;1;5
30;0;112,5;30;0;Yes;No;1;5
30;0;90;30;0;Yes;No;1;5
30;0;67,5;30;0;Yes;No;1;5
30;0;45;30;0;Yes;No;1;5
30;0;22,5;30;0;Yes;No;1;5
30;0;0;30;0;Yes;No;1;5
30;0;-22,5;30;0;Yes;No;1;5
30;0;-45;30;0;Yes;No;1;5
30;0;-67,5;30;0;Yes;No;1;5
30;0;-90;30;0;Yes;No;1;5
30;0;247,5;30;0;Yes;No;1;5
30;0;225;30;0;Yes;No;1;5
30;0;202,5;30;0;Yes;No;1;5
29,1;36;91,6;30;0;Yes;No;1;5
29,1;-36;268,4;30;0;Yes;No;1;5
-15;0;180;30;0;Yes;No;1;5
22;4,9;147;29,5;0;Yes;No;1;5
22;-4,9;213;29,5;0;Yes;No;1;5
37,3;4,3;28,1;29,4;0;Yes;No;1;5
37,3;-4,3;-28,1;29,4;0;Yes;No;1;5
-6,7;3,5;175,2;29,2;0;Yes;No;1;5
-6,7;-3,5;184,8;29,2;0;Yes;No;1;5
63,5;31;36,9;29,1;0;Yes;No;1;5
63,5;-31;-36,9;29,1;0;Yes;No;1;5
44,1;9,9;32,6;29;0;Yes;No;1;5
44,1;-9,9;-32,6;29;0;Yes;No;1;5
56,9;23,7;37,2;29;0;Yes;No;1;5
56,9;-23,7;-37,2;29;0;Yes;No;1;5
50,6;16,6;35,7;28,9;0;Yes;No;1;5
50,6;-16,6;-35,7;28,9;0;Yes;No;1;5
37,5;0;0;28,5;0;Yes;No;1;5
17,5;14,3;128,1;28,5;0;Yes;No;1;5
17,5;-14,3;231,9;28,5;0;Yes;No;1;5
-7,5;0;180;28,5;0;Yes;No;1;5
24,6;17,7;101;28;0;Yes;No;1;5
24,6;-17,7;259;28;0;Yes;No;1;5
-23,5;19,2;165,3;28;0;Yes;No;1;5
-23,5;-19,2;194,7;28;0;Yes;No;1;5
-15;-17;250;-8,9;0;Yes;No;1;5
-15;17;110;-8,9;0;Yes;No;1;5
0;0;180;-9;0;Yes;No;1;5
-45;0;180;-9;0;Yes;No;1;5
45;0;0;-9;0;Yes;No;1;5
-3,3;-6,8;-48,4;-9,2;0;Yes;No;1;5
-3,3;6,8;48,4;-9,2;0;Yes;No;1;5
6,1;-21,7;-51,3;-10,4;0;Yes;No;1;5
6,1;21,7;51,3;-10,4;0;Yes;No;1;5
7,5;0;0;-10,5;0;Yes;No;1;5
-37,5;0;180;-10,5;0;Yes;No;1;5
52,5;0;0;-10,5;0;Yes;No;1;5
-12,1;-8,9;260,7;-10,7;0;Yes;No;1;5
-12,1;8,9;99,3;-10,7;0;Yes;No;1;5
-13,9;-26,9;263,8;-11,1;0;Yes;No;1;5
-13,9;26,9;96,2;-11,1;0;Yes;No;1;5
6;-4,5;-13,9;-11,4;0;Yes;No;1;5
6;4,5;13,9;-11,4;0;Yes;No;1;5
-4,8;-5,8;-39,7;-11,7;0;Yes;No;1;5
-4,8;5,8;39,7;-11,7;0;Yes;No;1;5
-30;0;180;-12;0;Yes;No;1;5
15;0;0;-12;0;Yes;No;1;5
60;0;0;-12;0;Yes;No;1;5
-2,4;-14,8;-54,4;-12,8;0;Yes;No;1;5
-2,4;14,8;54,4;-12,8;0;Yes;No;1;5
-22,5;0;180;-13,5;0;Yes;No;1;5
22,5;0;0;-13,5;0;Yes;No;1;5
-11,5;-36;-86,6;-13,5;0;Yes;No;1;5
-11,5;36;86,6;-13,5;0;Yes;No;1;5
-67,5;0;180;-13,5;0;Yes;No;1;5
9,2;-28,7;-48,8;-13,6;0;Yes;No;1;5
9,2;28,7;48,8;-13,6;0;Yes;No;1;5
-6;-4,6;-30,2;-13,7;0;Yes;No;1;5
-6;4,6;30,2;-13,7;0;Yes;No;1;5
2,9;-6,9;-21,9;-13,7;0;Yes;No;1;5
2,9;6,9;21,9;-13,7;0;Yes;No;1;5
-12,2;-8,8;-77,3;-14,2;0;Yes;No;1;5
-12,2;8,8;77,3;-14,2;0;Yes;No;1;5
10,8;-10,5;-21,4;-14,3;0;Yes;No;1;5
10,8;10,5;21,4;-14,3;0;Yes;No;1;5
-21,9;-5,2;215,2;-14,6;0;Yes;No;1;5
-21,9;5,2;144,8;-14,6;0;Yes;No;1;5
-27,1;-13,3;226,7;-14,9;0;Yes;No;1;5
-27,1;13,3;133,3;-14,9;0;Yes;No;1;5
-15;0;0;-15;0;Yes;No;1;5
-15;0;-22,5;-15;0;Yes;No;1;5
-15;0;-45;-15;0;Yes;No;1;5
-15;0;-67,5;-15;0;Yes;No;1;5
-15;0;-90;-15;0;Yes;No;1;5
-15;0;247,5;-15;0;Yes;No;1;5
-15;0;225;-15;0;Yes;No;1;5
-15;0;202,5;-15;0;Yes;No;1;5
-15;0;180;-15;0;Yes;No;1;5
-15;0;157,5;-15;0;Yes;No;1;5
-15;0;135;-15;0;Yes;No;1;5
-15;0;112,5;-15;0;Yes;No;1;5
-15;0;90;-15;0;Yes;No;1;5
-15;0;67,5;-15;0;Yes;No;1;5
-15;0;45;-15;0;Yes;No;1;5
-15;0;22,5;-15;0;Yes;No;1;5
30;0;0;-15;0;Yes;No;1;5
-60;0;180;-15;0;Yes;No;1;5
-6,8;-3,1;-20,3;-15,2;0;Yes;No;1;5
-6,8;3,1;20,3;-15,2;0;Yes;No;1;5
-13,9;-17,9;-83,8;-15,8;0;Yes;No;1;5
-13,9;17,9;83,8;-15,8;0;Yes;No;1;5
-30,6;-22,9;235,8;-15,8;0;Yes;No;1;5
-30,6;22,9;124,2;-15,8;0;Yes;No;1;5
-7,9;-44,4;-78,7;-15,9;0;Yes;No;1;5
-7,9;44,4;78,7;-15,9;0;Yes;No;1;5
-7,3;-1,6;-10,2;-16,2;0;Yes;No;1;5
-7,3;1,6;10,2;-16,2;0;Yes;No;1;5
-7,5;0;0;-16,5;0;Yes;No;1;5
-52,5;0;180;-16,5;0;Yes;No;1;5
13,3;-35,4;-45,3;-16,5;0;Yes;No;1;5
13,3;35,4;45,3;-16,5;0;Yes;No;1;5
37,5;0;0;-16,5;0;Yes;No;1;5
-0,2;-7,5;-23,9;-16,6;0;Yes;No;1;5
-0,2;7,5;23,9;-16,6;0;Yes;No;1;5
-32,7;-32,9;242,7;-17;0;Yes;No;1;5
-32,7;32,9;117,3;-17;0;Yes;No;1;5
15,1;-16,9;-24,7;-17,2;0;Yes;No;1;5
15,1;16,9;24,7;-17,2;0;Yes;No;1;5
-21;-8,2;245,3;-17,3;0;Yes;No;1;5
-21;8,2;114,7;-17,3;0;Yes;No;1;5
-12,9;-7,8;-59,4;-17,4;0;Yes;No;1;5
-12,9;7,8;59,4;-17,4;0;Yes;No;1;5
0;0;180;-18;0;Yes;No;1;5
-45;0;180;-18;0;Yes;No;1;5
-2,7;-52,5;-70,9;-18;0;Yes;No;1;5
-2,7;52,5;70,9;-18;0;Yes;No;1;5
45;0;0;-18;0;Yes;No;1;5
-6,4;-13,6;-48,1;-18,3;0;Yes;No;1;5
-6,4;13,6;48,1;-18,3;0;Yes;No;1;5
-34;-42,8;247,8;-18,4;0;Yes;No;1;5
-34;42,8;112,2;-18,4;0;Yes;No;1;5
-3,2;-22,3;-53,5;-18,9;0;Yes;No;1;5
-3,2;22,3;53,5;-18,9;0;Yes;No;1;5
18,9;-41,6;-40,2;-19,2;0;Yes;No;1;5
18,9;41,6;40,2;-19,2;0;Yes;No;1;5
3,7;-14,6;-30,6;-19,3;0;Yes;No;1;5
3,7;14,6;30,6;-19,3;0;Yes;No;1;5
-2,8;-7;-22,1;-19,5;0;Yes;No;1;5
-2,8;7;22,1;-19,5;0;Yes;No;1;5
-37,5;0;180;-19,5;0;Yes;No;1;5
7,5;0;0;-19,5;0;Yes;No;1;5
52,5;0;0;-19,5;0;Yes;No;1;5
-34,7;-52,5;251,3;-19,7;0;Yes;No;1;5
-34,7;52,5;108,7;-19,7;0;Yes;No;1;5
5,3;-59,9;-61,3;-20;0;Yes;No;1;5
5,3;59,9;61,3;-20;0;Yes;No;1;5
19,6;-23,2;-25,3;-20,1;0;Yes;No;1;5
19,6;23,2;25,3;-20,1;0;Yes;No;1;5
-13,7;-6,2;-43,5;-20,2;0;Yes;No;1;5
-13,7;6,2;43,5;-20,2;0;Yes;No;1;5
6,5;-3,8;-7,4;-20,3;0;Yes;No;1;5
6,5;3,8;7,4;-20,3;0;Yes;No;1;5
-20,7;-9;-90;-20,7;0;Yes;No;1;5
-20,7;9;90;-20,7;0;Yes;No;1;5
-35,3;-62,1;253,8;-20,9;0;Yes;No;1;5
-35,3;62,1;106,2;-20,9;0;Yes;No;1;5
-30;0;180;-21;0;Yes;No;1;5
15;0;0;-21;0;Yes;No;1;5
-24,7;-17,7;258,5;-21,1;0;Yes;No;1;5
-24,7;17,7;101,5;-21,1;0;Yes;No;1;5
-15;-26,3;-76,1;-21,2;0;Yes;No;1;5
-15;26,3;76,1;-21,2;0;Yes;No;1;5
18,4;-66,2;-47,5;-21,6;0;Yes;No;1;5
18,4;66,2;47,5;-21,6;0;Yes;No;1;5
26,5;-47,2;-33,3;-21,7;0;Yes;No;1;5
26,5;47,2;33,3;-21,7;0;Yes;No;1;5
-36;-11,2;217,4;-21,8;0;Yes;No;1;5
-36;11,2;142,6;-21,8;0;Yes;No;1;5
-29,7;-4,6;210,5;-21,9;0;Yes;No;1;5
-29,7;4,6;149,5;-21,9;0;Yes;No;1;5
-4,9;-5,7;-18;-22;0;Yes;No;1;5
-4,9;5,7;18;-22;0;Yes;No;1;5
-41,6;-19,1;222,7;-22,1;0;Yes;No;1;5
-41,6;19,1;137,3;-22,1;0;Yes;No;1;5
-14,4;-4,3;-28,6;-22,3;0;Yes;No;1;5
-14,4;4,3;28,6;-22,3;0;Yes;No;1;5
4;-6,3;-12,6;-22,3;0;Yes;No;1;5
4;6,3;12,6;-22,3;0;Yes;No;1;5
-22,5;0;0;-22,5;0;Yes;No;1;5
-22,5;0;-22,5;-22,5;0;Yes;No;1;5
-22,5;0;-45;-22,5;0;Yes;No;1;5
-22,5;0;-67,5;-22,5;0;Yes;No;1;5
-22,5;0;-90;-22,5;0;Yes;No;1;5
-22,5;0;247,5;-22,5;0;Yes;No;1;5
-22,5;0;225;-22,5;0;Yes;No;1;5
-22,5;0;202,5;-22,5;0;Yes;No;1;5
-22,5;0;180;-22,5;0;Yes;No;1;5
-22,5;0;157,5;-22,5;0;Yes;No;1;5
-22,5;0;135;-22,5;0;Yes;No;1;5
-22,5;0;112,5;-22,5;0;Yes;No;1;5
-22,5;0;90;-22,5;0;Yes;No;1;5
-22,5;0;67,5;-22,5;0;Yes;No;1;5
-22,5;0;45;-22,5;0;Yes;No;1;5
-22,5;0;22,5;-22,5;0;Yes;No;1;5
-15,4;-16,6;-66,5;-22,5;0;Yes;No;1;5
-15,4;16,6;66,5;-22,5;0;Yes;No;1;5
22,5;0;0;-22,5;0;Yes;No;1;5
-67,5;0;180;-22,5;0;Yes;No;1;5
-46,6;-27,7;226,2;-22,6;0;Yes;No;1;5
-46,6;27,7;133,8;-22,6;0;Yes;No;1;5
12,3;-8,6;-12,1;-22,8;0;Yes;No;1;5
12,3;8,6;12,1;-22,8;0;Yes;No;1;5
24,9;-29;-23,7;-22,9;0;Yes;No;1;5
24,9;29;23,7;-22,9;0;Yes;No;1;5
-51,5;-36,5;227,8;-23,2;0;Yes;No;1;5
-51,5;36,5;132,2;-23,2;0;Yes;No;1;5
-9,5;-11,7;-39,5;-23,3;0;Yes;No;1;5
-9,5;11,7;39,5;-23,3;0;Yes;No;1;5
-14,8;-2,2;-14,2;-23,6;0;Yes;No;1;5
-14,8;2,2;14,2;-23,6;0;Yes;No;1;5
-57;-45,3;227,2;-23,7;0;Yes;No;1;5
-57;45,3;132,8;-23,7;0;Yes;No;1;5
36,5;-51,6;-24,2;-23,7;0;Yes;No;1;5
36,5;51,6;24,2;-23,7;0;Yes;No;1;5
-6,3;-4;-12,6;-23,9;0;Yes;No;1;5
-6,3;4;12,6;-23,9;0;Yes;No;1;5
-15;0;0;-24;0;Yes;No;1;5
-60;0;180;-24;0;Yes;No;1;5
30;0;0;-24;0;Yes;No;1;5
-20,9;-8,4;-69,1;-24,1;0;Yes;No;1;5
-20,9;8,4;69,1;-24,1;0;Yes;No;1;5
-29,1;-7,7;238,5;-24,4;0;Yes;No;1;5
-29,1;7,7;121,5;-24,4;0;Yes;No;1;5
-3,5;-29,8;-52,1;-24,7;0;Yes;No;1;5
-3,5;29,8;52,1;-24,7;0;Yes;No;1;5
1;-7,4;-14,8;-25;0;Yes;No;1;5
1;7,4;14,8;-25;0;Yes;No;1;5
4,2;-22,1;-34;-25;0;Yes;No;1;5
4,2;22,1;34;-25;0;Yes;No;1;5
-7,2;-2,1;-6,4;-25,1;0;Yes;No;1;5
-7,2;2,1;6,4;-25,1;0;Yes;No;1;5
-2,3;-14,8;-31,3;-25,1;0;Yes;No;1;5
-2,3;14,8;31,3;-25,1;0;Yes;No;1;5
17,8;-14;-14,4;-25,4;0;Yes;No;1;5
17,8;14;14,4;-25,4;0;Yes;No;1;5
31,3;-34,2;-20,2;-25,4;0;Yes;No;1;5
31,3;34,2;20,2;-25,4;0;Yes;No;1;5
-7,5;0;0;-25,5;0;Yes;No;1;5
-27,1;-27;266,5;-25,5;0;Yes;No;1;5
-27,1;27;93,5;-25,5;0;Yes;No;1;5
-52,5;0;180;-25,5;0;Yes;No;1;5
37,5;0;0;-25,5;0;Yes;No;1;5
-15,6;-34,5;-71,3;-26,5;0;Yes;No;1;5
-15,6;34,5;71,3;-26,5;0;Yes;No;1;5
-45;0;180;-27;0;Yes;No;1;5
0;0;180;-27;0;Yes;No;1;5
45;0;0;-27;0;Yes;No;1;5
-21,5;-7;-50,4;-27,2;0;Yes;No;1;5
-21,5;7;50,4;-27,2;0;Yes;No;1;5
-9,3;-20,6;-47,5;-27,2;0;Yes;No;1;5
-9,3;20,6;47,5;-27,2;0;Yes;No;1;5
6,4;-13,6;-19,4;-27,2;0;Yes;No;1;5
6,4;13,6;19,4;-27,2;0;Yes;No;1;5
-11,9;-9,2;-30,1;-27,4;0;Yes;No;1;5
-11,9;9,2;30,1;-27,4;0;Yes;No;1;5
-34;-16,8;248,1;-27,4;0;Yes;No;1;5
-34;16,8;111,9;-27,4;0;Yes;No;1;5
-28,8;-8,9;263,3;-27,7;0;Yes;No;1;5
-28,8;8,9;96,7;-27,7;0;Yes;No;1;5
39,1;-38,4;-14,9;-27,7;0;Yes;No;1;5
39,1;38,4;14,9;-27,7;0;Yes;No;1;5
-1,9;-7,3;-14,5;-27,9;0;Yes;No;1;5
-1,9;7,3;14,5;-27,9;0;Yes;No;1;5
